time,1,2,3,4,5,6,7,8,9,10,11,12,13,14,15,16,17,18,19,20
Flamengo,77.0,22.4,0.5,0.0,0.0,0.0,0.0,0.0,0.0,0.0,0.0,0.0,0.0,0.0,0.0,0.0,0.0,0.0,0.0,0.0
Palmeiras,22.8,72.9,3.8,0.5,0.1,0.0,0.0,0.0,0.0,0.0,0.0,0.0,0.0,0.0,0.0,0.0,0.0,0.0,0.0,0.0
Athletico-PR,0.1,3.1,46.2,27.4,14.0,5.9,2.4,0.8,0.2,0.0,0.0,0.0,0.0,0.0,0.0,0.0,0.0,0.0,0.0,0.0
Fluminense,0.1,1.2,30.3,30.8,19.1,11.2,4.8,1.7,0.5,0.2,0.0,0.0,0.0,0.0,0.0,0.0,0.0,0.0,0.0,0.0
Cruzeiro,0.0,0.2,8.8,17.1,23.2,21.8,15.5,7.9,3.5,1.4,0.4,0.1,0.0,0.0,0.0,0.0,0.0,0.0,0.0,0.0
Bahia,0.0,0.2,6.8,14.2,22.1,22.8,17.7,9.2,4.1,1.8,0.6,0.3,0.1,0.0,0.0,0.0,0.0,0.0,0.0,0.0
Atlético-MG,0.0,0.0,2.8,7.4,13.9,20.3,23.5,16.0,8.6,4.1,2.0,0.8,0.3,0.2,0.0,0.0,0.0,0.0,0.0,0.0
Santos,0.0,0.0,0.5,2.0,5.2,10.3,16.7,22.9,16.7,11.1,7.1,4.0,2.1,0.8,0.4,0.1,0.0,0.0,0.0,0.0
Bragantino,0.0,0.0,0.0,0.3,1.1,3.4,7.6,14.1,18.8,17.3,13.8,9.7,6.1,3.8,2.2,1.2,0.4,0.1,0.0,0.0
São Paulo,0.0,0.0,0.0,0.2,0.8,2.2,4.8,10.5,15.8,17.7,15.1,11.4,9.0,6.0,3.5,1.9,0.9,0.2,0.0,0.0
Botafogo,0.0,0.0,0.0,0.0,0.3,1.1,3.2,7.3,11.5,13.9,14.9,14.2,11.6,9.0,6.0,4.2,1.9,0.7,0.1,0.0
Coritiba,0.0,0.0,0.0,0.1,0.3,0.7,2.6,5.6,9.5,13.6,16.7,16.0,12.8,9.6,6.5,3.8,1.7,0.5,0.0,0.0
Vasco,0.0,0.0,0.0,0.0,0.0,0.1,0.6,1.6,3.8,5.8,8.2,11.4,13.5,14.2,13.8,12.1,9.0,4.8,1.1,0.0
Corinthians,0.0,0.0,0.0,0.0,0.0,0.1,0.3,1.0,2.8,5.1,7.8,10.9,13.7,15.1,14.1,13.0,9.6,5.6,0.9,0.0
Vitória,0.0,0.0,0.0,0.0,0.0,0.0,0.2,0.8,1.9,3.5,5.4,8.1,11.1,13.6,16.5,16.2,13.5,8.0,1.2,0.0
Mirassol,0.0,0.0,0.0,0.0,0.0,0.0,0.1,0.6,1.7,3.0,5.0,7.9,10.6,13.7,15.6,16.0,13.9,9.8,2.0,0.0
Internacional,0.0,0.0,0.0,0.0,0.0,0.0,0.0,0.1,0.4,0.8,1.7,2.9,4.9,7.2,10.7,15.2,21.4,26.5,7.9,0.3
Grêmio,0.0,0.0,0.0,0.0,0.0,0.0,0.0,0.1,0.2,0.5,1.3,2.2,4.0,6.2,9.7,14.1,22.4,27.9,10.9,0.4
Remo,0.0,0.0,0.0,0.0,0.0,0.0,0.0,0.0,0.0,0.0,0.0,0.1,0.2,0.4,0.9,2.1,5.2,14.9,64.5,11.7
Chapecoense,0.0,0.0,0.0,0.0,0.0,0.0,0.0,0.0,0.0,0.0,0.0,0.0,0.0,0.0,0.0,0.0,0.2,1.0,11.3,87.5
