time,pontos_hoje,pontos_previstos,pontos_min_80,pontos_max_80,titulo,top4,top6,z4,posicao_media
Flamengo,60,80.4,76.0,85.0,77.0,100.0,100.0,0.0,1.2
Palmeiras,57,76.7,72.0,82.0,22.8,99.9,100.0,0.0,1.8
Athletico-PR,49,65.5,60.0,71.0,0.1,76.8,96.7,0.0,3.8
Fluminense,48,64.3,59.0,69.0,0.1,62.4,92.7,0.0,4.3
Cruzeiro,45,60.3,55.0,65.0,0.0,26.2,71.2,0.0,5.7
Bahia,46,60.2,55.0,65.0,0.0,21.3,66.2,0.0,5.9
Atlético-MG,43,57.6,53.0,63.0,0.0,10.2,44.4,0.0,6.8
Santos,41,54.6,49.0,60.0,0.0,2.6,18.0,0.0,8.3
Bragantino,36,51.1,46.0,56.0,0.0,0.3,4.8,0.5,10.0
São Paulo,36,50.0,45.0,55.0,0.0,0.2,3.2,1.0,10.6
Botafogo,35,48.9,44.0,54.0,0.0,0.0,1.4,2.6,11.5
Coritiba,38,48.8,44.0,54.0,0.0,0.1,1.1,2.2,11.6
Vasco,31,45.1,40.0,50.0,0.0,0.0,0.1,14.9,13.7
Corinthians,32,44.9,40.0,50.0,0.0,0.0,0.1,16.2,13.9
Vitória,33,43.8,39.0,49.0,0.0,0.0,0.0,22.8,14.6
Mirassol,32,43.7,39.0,49.0,0.0,0.0,0.0,25.7,14.7
Internacional,28,40.8,36.0,46.0,0.0,0.0,0.0,56.1,16.3
Grêmio,29,40.1,35.0,45.0,0.0,0.0,0.0,61.6,16.6
Remo,23,33.9,29.0,39.0,0.0,0.0,0.0,96.3,18.7
Chapecoense,18,27.5,23.0,33.0,0.0,0.0,0.0,100.0,19.9
