time,jogo_brasileirao,data,copa,data_copa
Vasco,Vasco x Remo,2026-10-10,Sul-Americana (semifinal ida),2026-10-13
Atlético-MG,Atlético-MG x Santos,2026-10-11,Sul-Americana (semifinal ida),2026-10-14
Palmeiras,Palmeiras x Corinthians,2026-10-11,Libertadores (semifinal ida),2026-10-14
Fluminense,Flamengo x Fluminense,2026-10-11,Libertadores (semifinal ida),2026-10-14
Atlético-MG,Atlético-MG x Coritiba,2026-10-17,Sul-Americana (semifinal ida),2026-10-14
Palmeiras,Athletico-PR x Palmeiras,2026-10-17,Libertadores (semifinal ida),2026-10-14
Vasco,São Paulo x Vasco,2026-10-17,Sul-Americana (semifinal volta),2026-10-20
Fluminense,Fluminense x Santos,2026-10-18,Libertadores (semifinal volta),2026-10-21
Flamengo,Bahia x Flamengo,2026-10-18,Libertadores (semifinal ida),2026-10-15
Palmeiras,Palmeiras x Bragantino,2026-10-24,Libertadores (semifinal volta),2026-10-21
Fluminense,Chapecoense x Fluminense,2026-10-24,Libertadores (semifinal volta),2026-10-21
Atlético-MG,Atlético-MG x Cruzeiro,2026-10-29,Copa do Brasil (semifinal ida),2026-11-01
Vasco,Vasco x Flamengo,2026-10-29,Copa do Brasil (semifinal ida),2026-11-01
Grêmio,Grêmio x Athletico-PR,2026-10-29,Copa do Brasil (semifinal ida),2026-11-01
Vasco,Athletico-PR x Vasco,2026-11-04,Copa do Brasil (semifinal ida),2026-11-01
Grêmio,Flamengo x Grêmio,2026-11-04,Copa do Brasil (semifinal ida),2026-11-01
Grêmio,Flamengo x Grêmio,2026-11-04,Copa do Brasil (semifinal volta),2026-11-07
Atlético-MG,Botafogo x Atlético-MG,2026-11-04,Copa do Brasil (semifinal ida),2026-11-01
Atlético-MG,Botafogo x Atlético-MG,2026-11-04,Copa do Brasil (semifinal volta),2026-11-07
Palmeiras,Palmeiras x Remo,2026-11-05,Copa do Brasil (semifinal volta),2026-11-08
