time,jogos_restantes,pontos_esp,forca_adversarios,aprov_atual,aprov_previsto
Flamengo,10,20.41,1.1,71.43,68.02
Palmeiras,10,19.67,1.1,67.86,65.58
Athletico-PR,10,16.49,1.09,58.33,54.95
Fluminense,10,16.27,1.02,57.14,54.24
Cruzeiro,10,15.31,1.05,53.57,51.03
Bragantino,10,15.09,1.0,42.86,50.31
Atlético-MG,10,14.54,1.13,51.19,48.45
Bahia,10,14.22,1.2,54.76,47.4
São Paulo,10,14.05,0.97,42.86,46.82
Botafogo,10,13.96,0.91,41.67,46.53
Santos,10,13.63,1.2,48.81,45.44
Corinthians,10,12.9,0.98,38.1,43.01
Vasco,11,14.15,1.03,38.27,42.88
Internacional,10,12.83,0.91,33.33,42.78
Mirassol,10,11.75,0.99,38.1,39.15
Grêmio,10,11.08,1.1,34.52,36.94
Remo,10,10.85,1.06,27.38,36.18
Coritiba,10,10.79,1.21,45.24,35.97
Vitória,10,10.78,0.96,39.29,35.92
Chapecoense,11,9.48,1.18,22.22,28.73
