data,competicao,fase,time
2026-10-13,Sul-Americana,semifinal ida,Vasco
2026-10-14,Sul-Americana,semifinal ida,Atlético-MG
2026-10-14,Libertadores,semifinal ida,Fluminense
2026-10-14,Libertadores,semifinal ida,Palmeiras
2026-10-15,Libertadores,semifinal ida,Flamengo
2026-10-20,Sul-Americana,semifinal volta,Vasco
2026-10-21,Sul-Americana,semifinal volta,Atlético-MG
2026-10-21,Libertadores,semifinal volta,Palmeiras
2026-10-21,Libertadores,semifinal volta,Fluminense
2026-10-22,Libertadores,semifinal volta,Flamengo
2026-11-01,Copa do Brasil,semifinal ida,Palmeiras
2026-11-01,Copa do Brasil,semifinal ida,Vasco
2026-11-01,Copa do Brasil,semifinal ida,Grêmio
2026-11-01,Copa do Brasil,semifinal ida,Atlético-MG
2026-11-07,Copa do Brasil,semifinal volta,Atlético-MG
2026-11-07,Copa do Brasil,semifinal volta,Grêmio
2026-11-08,Copa do Brasil,semifinal volta,Vasco
2026-11-08,Copa do Brasil,semifinal volta,Palmeiras
