time,ataque,defesa,forca
Flamengo,1.461,0.646,2.262
Palmeiras,1.201,0.579,2.077
Athletico-PR,1.2,0.913,1.313
Fluminense,1.218,1.004,1.213
Atlético-MG,0.997,0.853,1.17
Cruzeiro,1.19,1.025,1.162
Bahia,1.154,0.994,1.161
Santos,1.175,1.082,1.086
Bragantino,0.895,0.868,1.031
São Paulo,0.897,0.896,1.002
Botafogo,1.041,1.152,0.903
Vasco,0.978,1.101,0.888
Corinthians,0.783,0.888,0.882
Internacional,0.828,1.013,0.817
Mirassol,0.905,1.108,0.817
Coritiba,1.01,1.282,0.788
Grêmio,0.789,1.05,0.752
Remo,0.873,1.248,0.7
Vitória,0.736,1.113,0.661
Chapecoense,0.853,1.462,0.584
