rodada,data,mandante,visitante
29,2026-10-07,Remo,Grêmio
29,2026-10-07,Internacional,Corinthians
29,2026-10-07,Bragantino,Mirassol
29,2026-10-07,Vitória,Chapecoense
29,2026-10-07,Botafogo,Vasco
29,2026-10-07,Cruzeiro,São Paulo
29,2026-10-08,Santos,Flamengo
29,2026-10-08,Athletico-PR,Atlético-MG
29,2026-10-08,Palmeiras,Bahia
29,2026-10-08,Fluminense,Coritiba
30,2026-10-10,Vasco,Remo
30,2026-10-10,São Paulo,Vitória
30,2026-10-11,Atlético-MG,Santos
30,2026-10-11,Grêmio,Internacional
30,2026-10-11,Palmeiras,Corinthians
30,2026-10-11,Flamengo,Fluminense
30,2026-10-11,Bahia,Mirassol
30,2026-10-12,Coritiba,Botafogo
30,2026-10-12,Chapecoense,Athletico-PR
30,2026-10-12,Bragantino,Cruzeiro
31,2026-10-16,Mirassol,Internacional
31,2026-10-17,Botafogo,Chapecoense
31,2026-10-17,Atlético-MG,Coritiba
31,2026-10-17,Athletico-PR,Palmeiras
31,2026-10-17,São Paulo,Vasco
31,2026-10-18,Grêmio,Cruzeiro
31,2026-10-18,Fluminense,Santos
31,2026-10-18,Bahia,Flamengo
31,2026-10-18,Remo,Bragantino
31,2026-10-19,Corinthians,Vitória
32,2026-10-23,Cruzeiro,Remo
32,2026-10-24,Internacional,Botafogo
32,2026-10-24,Mirassol,São Paulo
32,2026-10-24,Vitória,Athletico-PR
32,2026-10-24,Palmeiras,Bragantino
32,2026-10-24,Vasco,Corinthians
32,2026-10-24,Chapecoense,Fluminense
32,2026-10-24,Santos,Bahia
32,2026-10-26,Coritiba,Grêmio
32,2026-10-26,Flamengo,Atlético-MG
33,2026-10-28,Bragantino,Chapecoense
33,2026-10-28,Santos,Palmeiras
33,2026-10-28,Fluminense,Internacional
33,2026-10-28,Remo,Botafogo
33,2026-10-28,Bahia,São Paulo
33,2026-10-29,Coritiba,Vitória
33,2026-10-29,Atlético-MG,Cruzeiro
33,2026-10-29,Vasco,Flamengo
33,2026-10-29,Grêmio,Athletico-PR
33,2026-10-30,Corinthians,Mirassol
34,2026-11-02,Bragantino,Santos
34,2026-11-03,Chapecoense,Mirassol
34,2026-11-03,Internacional,Coritiba
34,2026-11-04,Athletico-PR,Vasco
34,2026-11-04,Flamengo,Grêmio
34,2026-11-04,Botafogo,Atlético-MG
34,2026-11-04,São Paulo,Corinthians
34,2026-11-05,Palmeiras,Remo
34,2026-11-05,Cruzeiro,Bahia
34,2026-11-06,Vitória,Fluminense
35,2026-11-18,Mirassol,Atlético-MG
35,2026-11-18,Corinthians,Botafogo
35,2026-11-18,São Paulo,Fluminense
35,2026-11-18,Vasco,Internacional
35,2026-11-18,Flamengo,Athletico-PR
35,2026-11-18,Vitória,Bragantino
35,2026-11-18,Remo,Chapecoense
35,2026-11-18,Coritiba,Santos
35,2026-11-18,Grêmio,Bahia
35,2026-11-18,Cruzeiro,Palmeiras
36,2026-11-22,Bahia,Coritiba
36,2026-11-22,Athletico-PR,Remo
36,2026-11-22,Chapecoense,Cruzeiro
36,2026-11-22,Internacional,Vitória
36,2026-11-22,Palmeiras,Flamengo
36,2026-11-22,Atlético-MG,Corinthians
36,2026-11-22,Bragantino,Vasco
36,2026-11-22,Fluminense,Mirassol
36,2026-11-22,Santos,Grêmio
36,2026-11-22,Botafogo,São Paulo
37,2026-11-29,Chapecoense,Palmeiras
37,2026-11-29,Internacional,Bragantino
37,2026-11-29,Botafogo,Bahia
37,2026-11-29,Mirassol,Athletico-PR
37,2026-11-29,Coritiba,Flamengo
37,2026-11-29,Vitória,Santos
37,2026-11-29,Corinthians,Grêmio
37,2026-11-29,Fluminense,Cruzeiro
37,2026-11-29,São Paulo,Remo
37,2026-11-29,Atlético-MG,Vasco
38,2026-12-02,Remo,Corinthians
38,2026-12-02,Bahia,Atlético-MG
38,2026-12-02,Athletico-PR,São Paulo
38,2026-12-02,Grêmio,Mirassol
38,2026-12-02,Cruzeiro,Internacional
38,2026-12-02,Bragantino,Fluminense
38,2026-12-02,Palmeiras,Coritiba
38,2026-12-02,Santos,Botafogo
38,2026-12-02,Flamengo,Chapecoense
38,2026-12-02,Vasco,Vitória
21,,Chapecoense,Vasco
